Id,Code,Name,Description,Units,Risk,Tags,Summary,Suggestions,Reference
235,1-25-vitamin-d2,1-25 Dihydroxy Vitamin D2,Vitamin D found in plants and supplements,pg/mL,high< 8;low >=8,"blood,vip",NULL,NULL,NULL
237,1-25-vitamin-d3,1-25 Dihydroxy Vitamin D3,Vitamin D from sunlight and meat,pg/mL,18 - 71,"blood,vip",NULL,NULL,NULL
233,vitamin-d,1-25 Hydroxy Vitamin D Total,Total amount of Vitamin D,pg/mL,18 - 71,NULL,NULL,NULL,NULL
148,vit-d,25-Hydroxy Vitamin D,Precursor to vitamin D,ng/mL,30 - 99,"blood,vip",NULL,NULL,NULL
253,vitamin-d2,25-Hydroxy Vitamin D2,Vitamin D found in plants and supplements,ng/mL,< 100,"blood,vip",NULL,NULL,NULL
255,vitamin-d3,25-Hydroxy Vitamin D3,Vitamin D from sunlight and meat,ng/mL,< 100,"blood,vip",NULL,NULL,NULL
154,albumin-globulin-ratio,A/G Ratio,"Proportion, albumin/globulin",NULL,1.1 - 2.6,"blood,vip",NULL,NULL,NULL
647,aa-epa-ratio,AA:EPA Ratio,Ratio of two fatty acids,NULL,1.4 - 52.6,"blood,vip",NULL,NULL,NULL
3,adipoq,Adiponectin,Hormone made by fat cells,?g/mL,24-Apr,"blood,vip",NULL,NULL,NULL
167,acth,Adrenocorticotropic Hormone,Stimulates cortisol release,pg/mL,7.2 - 63.3,"blood,vip",NULL,NULL,NULL
5,afp,AFP,Alpha-Fetoprotein,ng/mL,< 8.4,"blood,vip",NULL,NULL,NULL
6,albumin,Albumin,Type of protein in blood,g/dL,>= 3.5,"blood,vip",NULL,NULL,NULL
667,almond-ige,Almond IgE,Allergy antibody for Almond,NULL,< 0.35,"allergy,vip",NULL,NULL,NULL
7,alp,ALP,Alkaline Phosphatase,IU/L,high < 25; medium 25-40; low 40-129; medium 129-150; high > 150,"blood,vip",NULL,NULL,NULL
138,to3fa-al,Alpha-Linolenic Acid,Omega-3 fatty acid,%,reference ranges have not been established,NULL,NULL,NULL,NULL
8,alt,ALT / SGPT,Alanine aminotransferase,IU/L,medium < 8; low 8-41; medium 41-55; low > 55,"blood,vip",NULL,NULL,NULL
433,anion-gap,Anion Gap,Difference between ions,mmol/L,14-May,NULL,NULL,NULL,NULL
507,anti-tg,Anti-Thyroglobulin Antibodies,Antibodies to thyroid proteins,IU/mL,< 1.1,NULL,NULL,NULL,NULL
9,apo-a1,Apo A1,"Protein in HDL (""Good"") Cholesterol",mg/dL,>= 132,NULL,NULL,NULL,NULL
10,apo-b,Apo B,"Protein in LDL (""Bad"") Cholesterol",mg/dL,<80,"blood,vip","About Apo B

Apolipoprotein B, or Apo B, is the protein in bad LDL cholesterol that helps these particles bind to and clog blood vessels. Because ApoB increases this clogging, your ApoB level may be a better measure of cardiovascular risk than even LDL cholesterol. High levels of ApoB increases your risk of cardiovascular disease, and by lowering your ApoB, you can reduce your risk for a heart attack and stroke. Note: We have recently adjusted our risk range to be more consistent with most national laboratories, though some labs recommend ApoB to be less than 60.","Suggestions to lower Apo B

Increase activity and exercise
Decrease intake of saturated fats and processed simple carbohydrates such as sugar
Avoid smoking, states of constant stress, and skipping meals
Video: Learn more about your lipids and cardiovascular disease",NULL
11,apo-b-a1-ratio,Apo B:A1 Ratio,Ratio: LDL to HDL Proteins,NULL,< 0.61,NULL,NULL,NULL,NULL
12,apo-e,Apo E Genotype,Form of ApoE you inherited,NULL,NULL,NULL,NULL,NULL,NULL
119,sfa-a,Arachidic Acid,saturated fatty acid,%,reference ranges have not been established,NULL,NULL,NULL,NULL
98,o6fa-a,Arachidonic Acid,Omega-6 fatty acid,%,5.2 - 12.8,NULL,NULL,NULL,NULL
489,aaq,Arachidonic Acid Quant,Omega-6 Fatty Acid,%,reference ranges have not been established,NULL,NULL,NULL,NULL
13,aspirinworks,AspirinWorks,Aspirin Resistance,pg/mg,< 1501,NULL,NULL,NULL,NULL
14,ast,AST / SGOT,Aspartate aminotransferase,IU/L,< 40,"blood,vip",NULL,NULL,NULL
15,ba-abs,Basophil (absolute),Calculation of WBC type,x10E3/?L,0.0 - 0.2,NULL,NULL,NULL,NULL
16,ba-perc,Basophils %,Part of WBC differential,%,0 - 3,"blood,vip",NULL,NULL,NULL
120,sfa-b,Behenic Acid,Saturated fatty acid,%,reference ranges have not been established,NULL,NULL,NULL,NULL
153,beta-cross,Beta-CrossLaps (serum),Marker of bone resorption,pg/mL,158 - 441,NULL,NULL,NULL,NULL
603,bes,Beta-Sitosterol,Measure of cholesterol absorption,NULL,NULL,NULL,NULL,NULL,NULL
18,bilirubin-direct,Bilirubin (direct),Test for liver problems,mg/dL,0.1 - 0.3,NULL,NULL,NULL,NULL
621,bilirubin-indirect,Bilirubin (indirect),Unprocessed bilirubin,mg/dL,< 1.1,NULL,NULL,NULL,NULL
129,tbil,Bilirubin (total),Made by the liver to help digest fat.,mg/dL,medium 0-0.2; low 0.2-1.2; medium 1.2-1.3; high > 1.3,"blood,vip",NULL,NULL,NULL
269,blood-type,Blood Type,Your Blood Type,NULL,< 0,NULL,NULL,NULL,NULL
423,bmi-score,BMI Score,,NULL,NULL,NULL,NULL,NULL,NULL
512,bfp,Body Fat Percentage,Percent of body mass that is fat,%,< 19.0,NULL,NULL,NULL,NULL
263,bmi,Body Mass Index,Measure of weight to height,Kg/m2,18.5 - 24.9,NULL,NULL,NULL,NULL
19,bun,BUN,Blood Urea Nitrogen,mg/dL,21-Jun,"blood,vip",NULL,NULL,NULL
177,bun-creatinine-ratio,BUN/Creatinine Ratio,BUN / Creatinine Serum,NULL,20-Sep,NULL,NULL,NULL,NULL
23,ca15-3,CA 15-3,Cancer Antigen 15-3,U/mL,< 26,NULL,NULL,NULL,NULL
24,ca19-9,CA 19-9,Cancer Antigen 19-9,U/mL,< 35,NULL,NULL,NULL,NULL
22,ca125,CA-125,Cancer Antigen 125,ng/mL,< 36,NULL,NULL,NULL,NULL
21,ca,Calcium,Blood and Bone Mineral,mg/dL,8.7 - 10.3,"blood,vip",NULL,NULL,NULL
605,campesterol,Campesterol,Measure of cholesterol absorption,NULL,NULL,NULL,NULL,NULL,NULL
585,cardiac-troponin,Cardiac Troponin,Marker of heart injury,NULL,NULL,NULL,NULL,NULL,NULL
669,cashew-nut-ige,Cashew Nut IgE,Allergy antibody for cashew nut,kU/L,< 0.35,allergy,NULL,NULL,NULL
727,ccp-ab,CCP IgG Antibody,An autoimmune antibody,Units,< 20,NULL,NULL,NULL,NULL
25,cea,CEA,Carcinoembryonic Antigen,ng/mL,"non-smoker: <5.0 
smoker: <6.5",NULL,NULL,NULL,NULL
27,cl,Chloride,Balances other electrolytes,mmol/L,97 - 109,"blood,vip",NULL,NULL,NULL
34,cr,Chromium,Essential mineral,NULL,NULL,NULL,NULL,NULL,NULL
28,cmsfa,cis-Monounsaturated Fatty Acids (total),FAs with one cis-double bond,%,15.65 - 32.25,NULL,NULL,NULL,NULL
33,co2,CO2,Carbon dioxide in blood,mmol/L,22 - 30,"blood,vip",NULL,NULL,NULL
671,codfish-ige,Codfish IgE,Allergy antibody to Codfish,kU/L,< 0.35,allergy,NULL,NULL,NULL
583,coq10,Coenzyme Q10,Metabolism Coenzyme,ug/mL,>= 0.36,NULL,NULL,NULL,NULL
35,cu,Copper,Essential mineral,mcg/dL,70 - 174,NULL,NULL,NULL,NULL
191,cortisol,Cortisol,The body&#x0027;s main stress hormone,?g/dL,2.3 - 19.4,NULL,NULL,NULL,NULL
693,cows-milk-ige,Cow's Milk IgE,Allergy antibody for cow's milk,kU/L,< 0.35,allergy,NULL,NULL,NULL
20,c-pep,C-peptide,Marker of insulin secretion,ng/mL,NULL,NULL,NULL,NULL,NULL
26,ck,Creatinine,Creatinine in your blood,mg/dL,< 1.20,"blood,vip",NULL,NULL,NULL
36,cyp2c19,CYP2C19,Metabolizes Plavix,NULL,NULL,NULL,NULL,NULL,NULL
197,cyp2c19-2,CYP2C19 *2,Metabolizes Plavix,NULL,NULL,NULL,NULL,NULL,NULL
199,cyp2c19-3,CYP2C19 *3,Metabolizes Plavix,NULL,NULL,NULL,NULL,NULL,NULL
201,cyp2c19-17rr,CYP2C19*17RR,Metabolizes Plavix,NULL,NULL,NULL,NULL,NULL,NULL
203,cyp2c19-2rr,CYP2C19*2RR,Metabolizes Plavix,NULL,NULL,NULL,NULL,NULL,NULL
205,cyp2c19-3rr,CYP2C19*3RR,Metabolizes Plavix,NULL,NULL,NULL,NULL,NULL,NULL
37,cyp2c9,CYP2C9,Warfarin-Metabolizing Enzyme,NULL,NULL,NULL,NULL,NULL,NULL
38,cys-c,Cystatin-C,Test for kidney function,mg/L,< 0.95,NULL,NULL,NULL,NULL
39,d-dimer,D-Dimer,Marker for Clotting Problem,NULL,NULL,NULL,NULL,NULL,NULL
601,des,Desmosterol,Lesser marker of cholesterol production,NULL,NULL,NULL,NULL,NULL,NULL
491,dhahdl,DHA,Omega-3 fatty acid,%,reference ranges have not been established,NULL,NULL,NULL,NULL
40,dhea,DHEA-S,DHEA Sulfate (androgen),?g/dL,44 - 331,NULL,NULL,NULL,NULL
725,dht,DHT,Byproduct of Testosterone,ng/dL,16 - 78,NULL,NULL,NULL,NULL
726,dhtf,DHT Free,Active form of DHT,pg/mL,1.00 - 6.19,NULL,NULL,NULL,NULL
259,diastolic-pressure,Diastolic Blood Pressure,Blood pressure when heart is relaxed,mmHg,low < 80; medium 80-90; high > 90,NULL,NULL,NULL,NULL
631,diastolic-pressure-points,Diastolic Blood Pressure Points,0-10 Point Scale,points,>= 8,NULL,NULL,NULL,NULL
99,o6fa-d-y-l,Dihomo-Gamma-Linolenic Acid (DGLA),omega-6 fatty acid,%,reference ranges have not been established,NULL,NULL,NULL,NULL
139,to3fa-dh,Docosahexaenoic Acid (DHA),Omega-3 fatty acid,%,1.2 - 3.8,NULL,NULL,NULL,NULL
653,to3fa-dhq,Docosahexaenoic Acid (DHA) Quant,Omega-3 fatty acid,%,reference ranges have not been established,NULL,NULL,NULL,NULL
140,to3fa-dp,"Docosapentaenoic Acid, Omega-3 Isomer",docosapentaenoic acid isomer,%,reference ranges have not been established,NULL,NULL,NULL,NULL
100,o6fa-dp,"Docosapentaenoic Acid, Omega-6 Isomer",docosapentaenoic acid isomer,%,reference ranges have not been established,NULL,NULL,NULL,NULL
101,o6fa-dt,Docosatetraenoic Acid,polyunsaturated fatty acid,%,reference ranges have not been established,NULL,NULL,NULL,NULL
155,eag,eAG,estimated Average Glucose,mg/dL,< 116.9,NULL,NULL,NULL,NULL
156,egfr,eGFR,Marker for kidney function,mL/min/1.73m2,>= 60,"blood,vip",NULL,NULL,NULL
157,egfraa,eGFR (African American ethnicity),eGFR if African American,mL/min/1.73m2,>= 60,NULL,NULL,NULL,NULL
665,egg-white-ige,Egg White IgE,Allergy antibody for egg white,kU/L,< 0.35,allergy,NULL,NULL,NULL
102,o6fa-e,Eicosadienoic Acid,omega-6 fatty acid,%,reference ranges have not been established,NULL,NULL,NULL,NULL
141,to3fa-e,Eicosapentaenoic Acid (EPA),Omega-3 fatty acid,%,0.2 - 1.4,NULL,NULL,NULL,NULL
29,cmsfa-e,Eicosenoic Acid,monounsaturated fatty acid,%,reference ranges have not been established,NULL,NULL,NULL,NULL
607,epat,EndoPAT,Marker of endothelial dysfunction,NULL,>= 1.67,NULL,NULL,NULL,NULL
609,epats,EndoPAT Score,Marker of Endothelial Dysfunction,NULL,>= 0.51,NULL,NULL,NULL,NULL
591,endo,Endothelin,Cardiovascular regulatory protein,NULL,NULL,NULL,NULL,NULL,NULL
42,eo-abs,Eosinophil (absolute),Calculation of WBC type,x10E3/?L,0.0 - 0.4,NULL,NULL,NULL,NULL
43,eo-perc,Eosinophils %,Part of WBC differential,%,0 - 4,"blood,vip",NULL,NULL,NULL
651,epaq,EPA Quant,Omega-3 fatty acid,%,reference ranges have not been established,NULL,NULL,NULL,NULL
2,epa-aa,EPA:AA Ratio,Ratio of two fatty acids ,NULL,>= 0.2,NULL,NULL,NULL,NULL
247,esr,Erythrocyte Sedimentation Rate,Measure of inflammation,mm/hr,< 15,NULL,NULL,NULL,NULL
41,e2,Estradiol,Main female sex hormone,pg/mL,12.0 - 38.9,NULL,NULL,NULL,NULL
573,estrasal,Estradiol (saliva),Main female sex hormone,pg/mL,0.5 - 2.1,NULL,NULL,NULL,NULL
229,esens,Estradiol (sensitive),Detects low levels of estradiol,pg/mL,3 - 69,NULL,NULL,NULL,NULL
575,estri,Estriol,Form of Estrogen,ng/ml,< 0.18,NULL,NULL,NULL,NULL
611,estsal,Estriol (saliva),Form of Estrogen,pg/mL,0.2 - 3.0,NULL,NULL,NULL,NULL
511,estrone,Estrone,Precursor to estradiol,pg/mL,1.5 - 6.4,NULL,NULL,NULL,NULL
45,f2-isop,F2 Isoprostanes,May Indicate Heart Disease,ng/ml,NULL,NULL,NULL,NULL,NULL
595,f2ic,F2 Isoprotates to Creatinine Ratio,Measure of Oxidative Stress,ng/mg,< 0.86,NULL,NULL,NULL,NULL
55,fv,Factor V Leiden,Increases Risk for DVT/PE,NULL,Arg/Arg,NULL,NULL,NULL,NULL
47,fe,Ferritin,Iron storage protein,ng/mL,30 - 300,NULL,NULL,NULL,NULL
49,fibrinc,Fibrinogen,Inflammation marker important in blood clotting.,mg/dL,< 391,NULL,NULL,NULL,NULL
44,f-,Fluoride,Essential mineral,NULL,NULL,NULL,NULL,NULL,NULL
179,folate,Folate,Folic Acid,ng/mL,>= 3,NULL,NULL,NULL,NULL
48,ffa,Free Fatty Acids ,Fatty acids,mmol/L,< 0.60,NULL,NULL,NULL,NULL
53,ft3,Free T3,Available T3,pg/mL,2.3 - 4.1,NULL,NULL,NULL,NULL
54,ft4,Free T4,Available T4,ng/dL,0.93 - 1.70,NULL,NULL,NULL,NULL
241,ftestq,Free Testosterone,Active Unbound Tesoterone,pg/mL,46 - 223,NULL,NULL,NULL,NULL
195,free-thyroxine-index,Free Thyroxine Index,A Thyroxine Index,NULL,0.4 - 5.4,NULL,NULL,NULL,NULL
163,fruc,Fructosamine,Glucose linked to protein,?mol/L,205 - 285,NULL,NULL,NULL,NULL
51,fsh,FSH,Follicle-stimulating hormone,mIU/mL,1.6 - 7.9,NULL,NULL,NULL,NULL
581,gal-3,Galectin-3,Inflammatory Protein,ng/ml,< 17.9,NULL,NULL,NULL,NULL
103,o6fa-g-l,Gamma linolenic acid (GLA),omega-6 fatty acid,%,reference ranges have not been established,NULL,NULL,NULL,NULL
56,ggt,GGT  (?- GT),Gamma-glutamyl transferase,IU/L,< 65,NULL,NULL,NULL,NULL
593,ghr,Ghrelin,The Hunger Hormone,pg/mL,NULL,NULL,NULL,NULL,NULL
293,gliadin-antibody-iga,"Gliadin Antibody, IgA",,U,NULL,NULL,NULL,NULL,NULL
295,gliadin-antibody-igg,"Gliadin Antibody, IgG",,U,NULL,NULL,NULL,NULL,NULL
158,globulin,Globulin,Immune protein,g/dL,1.5 - 4.6,"blood,vip",NULL,NULL,NULL
57,glucose,Glucose,Blood Sugar,mg/dL,high < 40; medium 40-50; low 50-100; medium 100-126; high > 126,"blood,vip",NULL,NULL,NULL
623,glucose-points,Glucose Points,0-25 Point Scale,points,>= 20,NULL,NULL,NULL,NULL
661,gluten,Gluten IgG,Gluten antibody,mcg/mL,< 2.0,NULL,NULL,NULL,NULL
673,hazelnut-ige,Hazelnut IgE,Allergy antibody for hazelnut,kU/L,< 0.35,allergy,NULL,NULL,NULL
60,hdl,HDL,"""Good"" Cholesterol",mg/dL,high < 40; medium 40-60; low > 60,"blood,vip","NULLHDL, or high-density lipoprotein, or ""good"" cholesterol, is the one type of cholesterol that is helpful. HDL cholesterol acts as a ""scavenger"" of excess cholesterol, bringing extra cholesterol from arteries and the body back to the liver to be metabolized. This means that higher levels of HDL cholesterol are actually better. HDL cholesterol greater than 60 milligrams per deciliter (mg/dL) can help protect you against heart disease, with higher levels even more protective.","Suggestions to improve HDL

Increase intake of unsaturated fats, such as those found in fish, avocado, olive oil, and nuts
Increase activity, especially those which exercise different types of muscles
Avoid smoking
Video: Learn more about your cholesterol",NULL
62,hdl2,HDL 2 subclass,Lower-Density HDL Particles,mg/dL,>= 12,NULL,NULL,NULL,NULL
329,hdl-large-risk,HDL Large Risk,,NULL,NULL,NULL,NULL,NULL,NULL
61,hdl-p,HDL Particle Number,Number of HDL Particles,?mol/L,>= 35.0,NULL,NULL,NULL,NULL
369,hdl-particles,HDL Particles,Total number of HDL Particles,nmol/L,23052 - 61273,NULL,NULL,NULL,NULL
627,hdl-points,HDL Points,0-10 Point Scale,points,>= 8,NULL,NULL,NULL,NULL
189,hdl-score,HDL Size,The size of HDL particles.,nm,>= 9.2,NULL,NULL,NULL,NULL
337,hdl-small-risk,HDL Small Risk,,NULL,NULL,NULL,NULL,NULL,NULL
481,height,Height,,meters,NULL,NULL,NULL,NULL,NULL
58,hct,Hematocrit,Fraction of red blood cells,%,36 - 50,"blood,vip",NULL,NULL,NULL
63,hgb,Hemoglobin,Protein in red blood cells,g/dL,12.5 - 17.0,"blood,vip",NULL,NULL,NULL
1,a1c-perc,Hemoglobin A1c (HbA1c),Average blood sugar level,%,low < 5.7; medium 5.7-6.5; high > 6.5,"blood,vip",NULL,NULL,NULL
724,homa-ir,HOMA-IR SCORE,Predicting risk of insulin resistance and diabetes,NULL,< 1.9,NULL,NULL,NULL,NULL
59,hcy,Homocysteine,Inflammation marker,?mol/L,< 11,NULL,NULL,NULL,NULL
459,hcy-score,Homocysteine Score,,NULL,NULL,NULL,NULL,NULL,NULL
64,hs-crp,hs-CRP,General Inflammation Marker,mg/L,low < 1; medium 1-3; high > 3,"blood,vip",NULL,NULL,NULL
409,hs-crp-score,hs-CRP Score,,NULL,NULL,NULL,NULL,NULL,NULL
353,idl-large-risk,IDL Large Risk,,NULL,NULL,NULL,NULL,NULL,NULL
355,idl-small-risk,IDL Small Risk,,NULL,NULL,NULL,NULL,NULL,NULL
719,iga1,IgA,Antibody of mucous membranes,mg/dL,78 - 390,NULL,NULL,NULL,NULL
715,igg,IgG,Most common antibody,mg/dL,717 - 1410,NULL,NULL,NULL,NULL
717,igm,IgM,Early acting antibody,mg/dL,53 - 333,NULL,NULL,NULL,NULL
181,ig,Immature Granulocytes,Immature granulocytes,%,< 1.0,NULL,NULL,NULL,NULL
183,iga,Immature Granulocytes (Absolute),Immature Granulocytes (Absolute),x10E3/?L,< 0.10,NULL,NULL,NULL,NULL
66,insulin,Insulin,Blood sugar storage hormone,mIU/L,< 9,NULL,NULL,NULL,NULL
457,insulin-score,Insulin Score,,NULL,NULL,NULL,NULL,NULL,NULL
193,igf-1,Insulin-Like Growth Factor I,A Measure of Growth Hormone,ng/mL,117 - 329,NULL,NULL,NULL,NULL
587,il17,Interleukin 17,Inflammatory marker,NULL,NULL,NULL,NULL,NULL,NULL
171,il-10,Interleukin-10,Indicates injury/infection,pg/mL,NULL,NULL,NULL,NULL,NULL
243,il-6p,Interleukin-6 Plasma,Inflammatory mediator,pg/mL,< 12.2,NULL,NULL,NULL,NULL
169,il-6s,Interleukin-6 Serum,Marker of infection/injury,pg/mL,0.3 - 5.0,NULL,NULL,NULL,NULL
291,inr,International Normalized Ratio (INR),Comparative Measure of Coagulation,NULL,0.9 - 1.0,NULL,NULL,NULL,NULL
65,i,Iodine,Essential trace mineral,NULL,NULL,NULL,NULL,NULL,NULL
117,serumfe,Iron (serum),Iron in liquid part of blood,?g/dL,65 - 165,NULL,NULL,NULL,NULL
211,iron-saturation,Iron Saturation,The percent of Iron transport protein bound to Iron,%,20 - 49,NULL,NULL,NULL,NULL
469,iron-score,Iron Score,,NULL,NULL,NULL,NULL,NULL,NULL
377,large-hdl,Large HDL,Large High-Density Lipoprotein,nmol/L,>= 9386,NULL,NULL,NULL,NULL
305,large-hdlq,Large HDL Particles,Number of large HDL particles,nmol/L,5036 - 17885,NULL,NULL,NULL,NULL
217,large-hdl-p,Large HDL-P,Number of large HDL particles,?mol/L,>= 4.9,NULL,NULL,NULL,NULL
311,large-idl,Large IDL,Large Intermediate-Density Lipoprotein,nmol/L,152 - 318,NULL,NULL,NULL,NULL
391,large-ldl-a,Large LDL-a,Subtype of Large LDL,nmol/L,139 - 503,NULL,NULL,NULL,NULL
393,large-ldl-b,Large LDL-b,Subtype of Large LDL,nmol/L,129 - 384,NULL,NULL,NULL,NULL
317,large-vldl,Large VLDL,Large Very Low Density Lipoprotein,nmol/L,9 - 35,NULL,NULL,NULL,NULL
215,large-vldl-p,Large VLDL-P,"Number of large, less dense VLDL particles",nmol/L,< 2.8,NULL,NULL,NULL,NULL
599,lathosterol,Lathosterol,Marker of cholesterol production,NULL,NULL,NULL,NULL,NULL,NULL
69,ldh,LDH,Lactate dehydrogenase,IU/L,100 - 250,NULL,NULL,NULL,NULL
70,ldl,LDL,Less Healthy Low-Density Lipoprotein,mg/dL,low < 100; medium 100-130; high >= 130,"blood,vip","LDL,which stands for low-density lipoprotein, is considered the less helpful type of cholesterol because it can transport cholesterol to the walls of arteries, forming clogging plaques that put you at risk for heart disease and stroke. Specifically, greater numbers of small dense LDL particles increase this risk as compared to lesser numbers of large less dense particles. By lowering your LDL cholesterol, you can decrease your risk of cardiovascular disease.","Suggestions to lower LDL cholesterol

Increase physical activity and exercise, including both cardiovascular and strength training
Decrease intake processed simple carbohydrates such as sugar as well as trans-fats, as well as not eat excessive amounts of saturated fat
Avoid smoking, states of constant stress, and skipping meals
Video: Learn more about your cholesterol",NULL
363,ldl-large-a-risk,LDL Large-a Risk,,NULL,NULL,NULL,NULL,NULL,NULL
361,ldl-large-b-risk,LDL Large-b Risk,,NULL,NULL,NULL,NULL,NULL,NULL
327,ldl-medium-and-small-risk,LDL Medium and Small Risk,,NULL,NULL,NULL,NULL,NULL,NULL
359,ldl-medium-risk,LDL Medium Risk,,NULL,NULL,NULL,NULL,NULL,NULL
71,ldl-particle-count,LDL Particle Count,Number of LDL Particles,nmol/L,< 1000,NULL,NULL,NULL,NULL
321,ldl-particle-size-risk,LDL Particle Size Risk,,NULL,NULL,NULL,NULL,NULL,NULL
303,ldlpq,LDL Particles,Number of LDL Particles,nmol/L,< 1260,NULL,NULL,NULL,NULL
307,ldl-phenotype,LDL Phenotype,LDL Size Pattern,NULL,A,NULL,NULL,NULL,NULL
319,ldl-phenotype-risk,LDL Phenotype Risk,,NULL,NULL,NULL,NULL,NULL,NULL
625,ldl-points,LDL Points,0-10 Point Scale,points,>= 8,NULL,NULL,NULL,NULL
185,ldl-size,LDL Size,The size of LDL particles,nm,>= 20.5,NULL,NULL,NULL,NULL
357,ldl-small-risk,LDL Small Risk,,NULL,NULL,NULL,NULL,NULL,NULL
713,ldl-to-hdl-ratio,LDL to HDL ratio,The ratio of LDL to HDL cholesterol,NULL,< 3.0,NULL,NULL,NULL,NULL
323,ldl-total-risk,LDL Total Risk,,NULL,NULL,NULL,NULL,NULL,NULL
325,ldl-versus-total-risk,LDL versus Total Risk,,NULL,NULL,NULL,NULL,NULL,NULL
345,ldl-very-small-a-risk,LDL Very Small-a Risk,,NULL,NULL,NULL,NULL,NULL,NULL
343,ldl-very-small-b-risk,LDL Very Small-b Risk,,NULL,NULL,NULL,NULL,NULL,NULL
341,ldl-very-small-c-risk,LDL Very Small-c Risk,,NULL,NULL,NULL,NULL,NULL,NULL
339,ldl-very-small-d-risk,LDL Very Small-d Risk,,NULL,NULL,NULL,NULL,NULL,NULL
273,lead,Lead,Blood lead levels,?g/dL,< 10.0,NULL,NULL,NULL,NULL
72,lep,Leptin,Hormone made by fat cells,ng/mL,1.2 - 9.4,NULL,NULL,NULL,NULL
121,sfa-l,Lignoceric acid,saturated fatty acid,%,reference ranges have not been established,NULL,NULL,NULL,NULL
104,o6fa-l,Linoleic acid,omega-6 fatty acid,%,reference ranges have not been established,NULL,NULL,NULL,NULL
76,lp-a,Lp(a),Different Form of LDL,nmol/L,< 75,NULL,NULL,NULL,NULL
225,lp-a-mass,Lp(a) Mass,Total amount of Lp(a),mg/dL,<30,"blood,vip",NULL,NULL,NULL
75,lp-a-particle-mass,Lp(a) Particle Mass,Particle Mass in LDL Subtype,mg/dL,< 3,NULL,NULL,NULL,NULL
231,lp-a-particles,Lp(a) Particles,The number of Lp(a) particles,nmol/L,< 75,NULL,NULL,NULL,NULL
219,lp-ir-score,LP-IR SCORE,Predicting risk of insulin resistance and diabetes,NULL,< 46,NULL,NULL,NULL,NULL
74,lp-pla2-dsx,Lp-PLA2,Marker of Inflamed Vessels,ng/mL,< 81,NULL,NULL,NULL,NULL
73,lh,Luteinizing Hormone (LH),Sex Hormone,mIU/mL,1.7 - 8.5,NULL,NULL,NULL,NULL
77,ly-abs,Lymphocyte Count (absolute),Calculation of WBC type,x10E3/?L,0.8 - 3.0,NULL,NULL,NULL,NULL
78,ly-perc,Lymphocytes %,Part of WBC differential,%,14 - 46,"blood,vip",NULL,NULL,NULL
82,mg,Magnesium,Essential mineral,mg/dL,1.6 - 2.4,NULL,NULL,NULL,NULL
84,mn,Manganese,Essential trace mineral,NULL,NULL,NULL,NULL,NULL,NULL
79,mch,MCH,Mean cell hemoglobin,pg,27 - 34,"blood,vip",NULL,NULL,NULL
80,mchc,MCHC,RBC hemoglobin concentration,g/dL,32 - 36,"blood,vip",NULL,NULL,NULL
81,mcv,MCV,Mean corpuscular volume,fL,80 - 98,"blood,vip",NULL,NULL,NULL
279,mean-plasma-glucose,Mean Plasma Glucose,An estimate of average blood sugar,mg/dL,NULL,NULL,NULL,NULL,NULL
90,mpv,Mean Platelet Volume (MPV),Average platelet size,fL,7.5 - 11.5,"blood,vip",NULL,NULL,NULL
613,measles-igg-ab,Measles IgG Antibody,Immunity to Measles,AU/mL,>= 29.9,NULL,NULL,NULL,NULL
615,measies-igm-ab,Measles IgM Antibody,Recent infection with Measles,AU/mL,< 0.80,NULL,NULL,NULL,NULL
367,medium-and-small-ldl,Medium and Small LDL,Medium and Small Low-Density Lipoprotein,nmol/L,243 - 753,NULL,NULL,NULL,NULL
381,medium-ldl,Medium LDL,Medium Low-Density Lipoprotein,nmol/L,< 201,NULL,NULL,NULL,NULL
315,medium-vldl,Medium VLDL,Medium Very Low Density Lipoprotein,nmol/L,42 - 109,NULL,NULL,NULL,NULL
275,mercury,Mercury,Blood Mercury levels,?g/L,< 10.0,NULL,NULL,NULL,NULL
289,mma,Methylmalonic Acid (MMA),Measure of B12 deficiency,nmol/L,87 - 317,NULL,NULL,NULL,NULL
83,microalb,Microalbumin (Urine),Tiny albumin amounts,mg albumin / g creatinine,< 30,NULL,NULL,NULL,NULL
85,mo,Molybdenum,Essential trace mineral,NULL,NULL,NULL,NULL,NULL,NULL
87,mo-perc,Monocytes %,Part of WBC differential,%,11-Apr,"blood,vip",NULL,NULL,NULL
86,mo-abs,Monocytes (absolute),Type of white blood cell,x10E3/?L,0.2 - 0.8,NULL,NULL,NULL,NULL
88,monounsaturatedfa,Monounsaturated Fatty Acids (FAs) [total],FAs with one double bond,NULL,NULL,NULL,NULL,NULL,NULL
267,mthfra1298,MTHFR A1298,Additional gene for folate metabolism enzyme,NULL,A/A,NULL,NULL,NULL,NULL
91,mthfr,MTHFR Genotype,Folate metabolism,NULL,C/C,NULL,NULL,NULL,NULL
617,mum-igg-ab,Mumps IgG Antibody,Antibodies to Mumps,AU/mL,>= 10.9,NULL,NULL,NULL,NULL
89,mpo,Myeloperoxidase,May predict heart disease,pmol/L,< 420,NULL,NULL,NULL,NULL
122,sfa-m,Myristic acid,saturated fatty acid,%,reference ranges have not been established,NULL,NULL,NULL,NULL
30,cmsfa-n,Nervonic acid,monounsaturated fatty acid,%,reference ranges have not been established,NULL,NULL,NULL,NULL
95,ne-perc,Neutrophil %,Part of WBC differential,%,40 - 74,"blood,vip",NULL,NULL,NULL
94,ne-count,Neutrophil Count (ANC),Type of white blood cell,x10E3/?L,1.50 - 6.99,NULL,NULL,NULL,NULL
577,nic,Nicotine,Presence of nicotine,ng/mL,< 4,NULL,NULL,NULL,NULL
635,smoking-points,Nicotine Points,0-20 Point Scale,points,>= 20,NULL,NULL,NULL,NULL
92,n-hdl-c,Non-HDL Cholesterol (Calculated),All Less Healthy Cholesterol,mg/dL,< 130,NULL,NULL,NULL,NULL
96,ntprobnp,NT pro BNP,Indicator of Heart Failure,pg/mL,< 125,NULL,NULL,NULL,NULL
265,nrbc,Nucleated Red Blood Cells,Immature red blood cells,%,< 0.1,NULL,NULL,NULL,NULL
31,cmsfa-o,Oleic acid,monounsaturated fatty acid,%,reference ranges have not been established,NULL,NULL,NULL,NULL
251,omega-index-quest,Omega Index,Amount of omega-3 fatty acids,%,1.4 - 4.8,NULL,NULL,NULL,NULL
249,omegar,Omega Risk,Risk based on omega profile,NULL,Low,NULL,NULL,NULL,NULL
137,to3fa,Omega-3 Fatty Acids (total),essential polyunsaturated FA,%,2.90 - 12.89,NULL,NULL,NULL,NULL
50,hs-o3-index,Omega-3 Quant Index,Omega-3s in red blood cells,%,>= 8.00,NULL,NULL,NULL,NULL
97,o6fa,Omega-6 Fatty Acids (total),Essential fatty acid,%,26.35 - 45.14,NULL,NULL,NULL,NULL
649,fa-ratio-o6-o3-quantity,Omega-6:Omega-3 Quant,Unsaturated fatty acid ratio,NULL,2.3 - 14.4,NULL,NULL,NULL,NULL
46,fa-ratio-o6-o3-ratio,Omega-6:Omega-3 Ratio,unsaturated fatty acid ratio,NULL,5.7 - 21.2,NULL,NULL,NULL,NULL
697,omega6sanis,Omega6S,Essential fatty acid,%,5.7 - 21.2,NULL,NULL,NULL,NULL
17,bglap,Osteocalcin,Marker for bone turnover,ng/mL,7 - 37,NULL,NULL,NULL,NULL
579,oxidized-ldl,Oxidized LDL,Oxidized LDL,U/L,< 60,NULL,NULL,NULL,NULL
123,sfa-p,Palmitic acid,saturated fatty acid,%,reference ranges have not been established,NULL,NULL,NULL,NULL
32,cmsfa-p,Palmitoleic acid,unsaturated fatty acid,%,reference ranges have not been established,NULL,NULL,NULL,NULL
285,ptt,Partial Thromboplastin Time (PTT),Intrinsic pathway of coagulation,seconds,22 - 33,NULL,NULL,NULL,NULL
301,ldlsq,Peak LDL Size,The size of LDL particles,Angstrom,>= 222.5,NULL,NULL,NULL,NULL
675,peanut-ige,Peanut IgE,Allergy antibody for peanut,kU/L,< 0.35,allergy,NULL,NULL,NULL
105,p,Phosphorus,Electrolyte in cells and bones,mg/dL,2.5 - 4.5,NULL,NULL,NULL,NULL
107,plt,Platelet Count,Clot-forming cell fragments,x10E3/?L,155 - 378,"blood,vip",NULL,NULL,NULL
437,platelet-fake,Platelet fake,,NULL,NULL,NULL,NULL,NULL,NULL
67,k,Potassium,An electrolyte inside cells ,mmol/L,3.5 - 5.1,"blood,vip",NULL,NULL,NULL
245,prgnl,Pregnenolone,Precursor of steroid hormones,ng/dL,13 - 207,NULL,NULL,NULL,NULL
106,pgsn,Progesterone,,ng/mL,0.2 - 1.3,NULL,NULL,NULL,NULL
509,prolactin,Prolactin,Immune and Metabolic Hormone,ng/mL,19-May,NULL,NULL,NULL,NULL
108,pro-mut,Prothrombin Mutation,Increased Clot Formation Risk,NULL,G/G,NULL,NULL,NULL,NULL
283,pt,Prothrombin Time (PT),Measure of extrinsic coagulation,seconds,9.0 - 11.4,NULL,NULL,NULL,NULL
109,psa,PSA,Prostate-Specific Antigen,ng/mL,< 4,NULL,NULL,NULL,NULL
110,pth,PTH,Parathyroid Hormone,pg/mL,15 - 65,NULL,NULL,NULL,NULL
447,pp,Pulse Pressure,Difference between Systolic and Diastolic Pressure,mmHg,high > 20; medium 20-35; low 35-50; medium 50-100; high > 100,NULL,NULL,NULL,NULL
111,rbc,RBC,Red blood cell count,x10E6/?L,4.1 - 5.6,NULL,NULL,NULL,NULL
112,rbc-fo,RBC Folate,Folate in red blood cells,ng/mL,>= 301,NULL,NULL,NULL,NULL
207,magnesium-rbc,RBC Magnesium,The Magnesium in our cells,mg/dL,4.2 - 6.3,NULL,NULL,NULL,NULL
113,rdw,RDW,Red cell distribution width,%,< 15.1,"blood,vip",NULL,NULL,NULL
505,rdw-sd,RDW-SD,Red cell distribution width,fL,39.0 - 52.1,NULL,NULL,NULL,NULL
4,adsf,Resistin,Fat cell-released hormone,NULL,NULL,NULL,NULL,NULL,NULL
221,reverset3,Reverse T3,"Reverse T3, Serum",ng/dL,9.2 - 24.1,NULL,NULL,NULL,NULL
271,rh-type,Rh Type,Your Rh Type,NULL,NULL,NULL,NULL,NULL,NULL
619,rub-igg-ab,Rubella IgG Antibody,Antibodies to Rubella,AU/mL,>= 0.99,NULL,NULL,NULL,NULL
677,salmon-ige,Salmon IgE,Allergy antibody for salmon,kU/L,< 0.35,allergy,NULL,NULL,NULL
679,scallop-ige,Scallop IgE,Allergy antibody for scallop,kU/L,< 0.35,allergy,NULL,NULL,NULL
114,sdldl,sdLDL,Small LDL,mg/dL,< 21,NULL,NULL,NULL,NULL
115,sdldl-ldl-ratio,sdLDL %,Small LDL to Total LDL Ratio,%,low < 26; medium 26-31; high > 31,"blood,vip",NULL,NULL,NULL
116,se,Selenium,Trace mineral,ng/mL,70 - 149,NULL,NULL,NULL,NULL
657,scot,Serum Cotinine,Blood Nicotine Metabolite,ng/mL,< 16,NULL,NULL,NULL,NULL
655,snic,Serum Nicotine  ,Nicotine in the blood,ng/mL,< 4,NULL,NULL,NULL,NULL
681,sesame-seed-ige,Sesame Seed IgE,Allergy antibody for sesame seed,kU/L,< 0.35,allergy,NULL,NULL,NULL
125,shbg,SHBG,Sex Hormone Binding Globulin,nmol/L,10 - 50,NULL,NULL,NULL,NULL
683,shrimp-ige,Shrimp IgE,Allergy antibody for shrimp,kU/L,< 0.35,allergy,NULL,NULL,NULL
722,sc,Sickle-cell,Sickle-cell,NULL,NEGATIVE,NULL,NULL,NULL,NULL
375,small-hdl,Small HDL,Small High-Density Lipoprotein,nmol/L,17249 - 43005,NULL,NULL,NULL,NULL
309,small-idl,Small IDL,Small Intermediate-Density Lipoprotein,nmol/L,107 - 372,NULL,NULL,NULL,NULL
379,small-ldl,Small LDL,Small Low-Density Lipoprotein,nmol/L,< 162,NULL,NULL,NULL,NULL
213,small-ldl-particle-number,Small LDL Particle Number,"Number of small, dense LDL particles",nmol/L,< 528,NULL,NULL,NULL,NULL
313,small-vldl,Small VLDL,Small Very Low Density Lipoprotein,nmol/L,65 - 149,NULL,NULL,NULL,NULL
93,na,Sodium,An electrolyte outside cells,mmol/L,133 - 145,"blood,vip",NULL,NULL,NULL
685,soybean-ige,Soybean IgE,Allergy antibody for soybean,kU/L,< 0.35,allergy,NULL,NULL,NULL
124,sfa-s,Stearic acid,saturated fatty acid,%,reference ranges have not been established,NULL,NULL,NULL,NULL
257,systolic-pressure,Systolic Blood Pressure,Blood pressure when heart is contracted,mmHg,low < 120; medium 120-140; high > 140,NULL,NULL,NULL,NULL
629,systolic-pressure-points,Systolic Blood Pressure Points,0-10 Point Scale,points,>= 8,NULL,NULL,NULL,NULL
695,t3upsanis,T3-uptake,Thyroxine Binding Sites,ug/dl,4.4 - 11.3,NULL,NULL,NULL,NULL
721,t4-uptake,T4-Uptake,Uptake of T4,NULL,0.91 - 1.18,NULL,NULL,NULL,NULL
223,tbd1,TBD1,,NULL,NULL,NULL,NULL,NULL,NULL
175,tbd2,TBD2,,NULL,NULL,NULL,NULL,NULL,NULL
52,ft,Testosterone (free),Unbound Testosterone,ng/dL,4.7 - 24.4,NULL,NULL,NULL,NULL
571,testsal,Testosterone (saliva),Steroid hormone,pg/mL,44 - 147,NULL,NULL,NULL,NULL
131,test,Testosterone (total),Steroid hormone,ng/dL,290 - 1300,NULL,NULL,NULL,NULL
663,b1b,Thiamine blood,Essential nervous system vitamin,nmol/L,77 - 185,NULL,NULL,NULL,NULL
281,b1p,Thiamine plasma,Essential nervous system vitamin,nmol/L,29-Aug,NULL,NULL,NULL,NULL
173,anti-tpo,Thyroid Peroxidase AB,An antibody to a thyroid enzyme,IU/mL,< 34,NULL,NULL,NULL,NULL
128,t4,"Thyroxine (T4, total)",Total thyroxine (T4) level,?g/dL,4.5 - 11.7,NULL,NULL,NULL,NULL
297,tissue-transglutaminase-antibody-iga,"Tissue Transglutaminase Antibody, IgA",,U/mL,NULL,NULL,NULL,NULL,NULL
299,tissue-transglutaminase-antibody-igg,"Tissue Transglutaminase Antibody, IgG",,U/mL,NULL,NULL,NULL,NULL,NULL
589,tnf-a,TNF-Alpha,Inflammatory Marker,NULL,NULL,NULL,NULL,NULL,NULL
130,tchol,Total Cholesterol,A Type of Fat,mg/dL,low <200 ; medium 200-240 ; high>=240,"blood,vip","While we all need some cholesterol to make sure our bodies stay healthy and function correctly, too much bad (LDL) cholesterol can be dangerous, and increases the risk for heart disease and stroke, otherwise known as cardiovascular disease. LDL Cholesterol can be deposited in arteries and clog them, obstructing the transport of oxygen-rich blood, essential for a healthy and functioning heart and brain. A simple way to understand if you have the proper amount of good cholesterol, the ideal Total Cholesterol to HDL Cholesterol ratio is less than 3.5:1. If your ratio is greater than 5:1, this is considered very high-risk.","Before determining whether to lower your cholesterol, identify if you have excessive amounts of healthy HDL or unhealthy LDL cholesterol.  
[Video: Learn more about your cholesterol](https://www.youtube.com/watch?v=9iUVniMBXGg&feature=youtu.be)
 ","
## Headers

# H1
## H2
### H3
#### H4
##### H5
###### H6

Alternatively, for H1 and H2, an underline-ish style:

Alt-H1
======

Alt-H2
------

## Emphasis

Emphasis, aka italics, with *asterisks* or _underscores_.

Strong emphasis, aka bold, with **asterisks** or __underscores__.

Combined emphasis with **asterisks and _underscores_**.

Strikethrough uses two tildes. ~~Scratch this.~~

## Lists

1. First ordered list item
2. Another item
??* Unordered sub-list. 
1. Actual numbers don't matter, just that it's a number
??1. Ordered sub-list
4. And another item.

???You can have properly indented paragraphs within list items. Notice the blank line above, and the leading spaces (at least one, but we'll use three here to also align the raw Markdown).

???To have a line break without a paragraph, you will need to use two trailing spaces.??
???Note that this line is separate, but within the same paragraph.??
???(This is contrary to the typical GFM line break behaviour, where trailing spaces are not required.)

* Unordered list can use asterisks
- Or minuses
+ Or pluses

## Links

[I'm an inline-style link](https://www.google.com)

[I'm an inline-style link with title](https://www.google.com ""Google's Homepage"")

[I'm a reference-style link][Arbitrary case-insensitive reference text]

[I'm a relative reference to a repository file](../blob/master/LICENSE)

[You can use numbers for reference-style link definitions][1]

Or leave it empty and use the [link text itself].

URLs and URLs in angle brackets will automatically get turned into links. 
http://www.example.com or <http://www.example.com> and sometimes 
example.com (but not on Github, for example).

Some text to show that the reference links can follow later.

[arbitrary case-insensitive reference text]: https://www.mozilla.org
[1]: http://slashdot.org
[link text itself]: http://www.reddit.com

## Images

Here's our logo (hover to see the title text):

Inline-style: 
![alt text](https://github.com/adam-p/markdown-here/raw/master/src/common/images/icon48.png ""Logo Title Text 1"")

Reference-style: 
![alt text][logo]

[logo]: https://github.com/adam-p/markdown-here/raw/master/src/common/images/icon48.png ""Logo Title Text 2""

## Code and Syntax Highlighting

Inline `code` has `back-ticks around` it.

```javascript
var s = ""JavaScript syntax highlighting"";
alert(s);
```
 
```python
s = ""Python syntax highlighting""
print s
```
 
```
No language indicated, so no syntax highlighting. 
But let's throw in a <b>tag</b>.
```
var s = ""JavaScript syntax highlighting"";
alert(s);

## Tables

Colons can be used to align columns.

| Tables        | Are           | Cool  |
| ------------- |:-------------:| -----:|
| col 3 is      | right-aligned | $1600 |
| col 2 is      | centered      |   $12 |
| zebra stripes | are neat      |    $1 |

There must be at least 3 dashes separating each header cell.
The outer pipes (|) are optional, and you don't need to make the 
raw Markdown line up prettily. You can also use inline Markdown.

Markdown | Less | Pretty
--- | --- | ---
*Still* | `renders` | **nicely**
1 | 2 | 3

## Blockquotes

> Blockquotes are very handy in email to emulate reply text.
> This line is part of the same quote.

Quote break.

> This is a very long line that will still be quoted properly when it wraps. Oh boy let's keep writing to make sure this is long enough to actually wrap for everyone. Oh, you can *put* **Markdown** into a blockquote. 
"
277,estrogen-total,Total Estrogen,Total of all estrogens,pg/mL,40 - 114,NULL,NULL,NULL,NULL
331,total-hdl-risk,Total HDL Risk,,NULL,NULL,NULL,NULL,NULL,NULL
637,health-points,Total Health Points,0-100 Point Scale,points,>= 75,NULL,NULL,NULL,NULL
136,tibc,Total Iron Binding Capacity,Estimates Transferrin level,?g/dL,250 - 425,NULL,NULL,NULL,NULL
371,ldlq,Total LDL Quest,,nmol/L,NULL,NULL,NULL,NULL,NULL
333,total-ldl-risk,Total LDL Risk,,NULL,NULL,NULL,NULL,NULL,NULL
373,total-non-hdl,Total Non-HDL,Total Non-High-Density Lipoprotein Cholesterol,nmol/L,< 2986,NULL,NULL,NULL,NULL
335,total-non-hdl-risk,Total Non-HDL Risk,,NULL,NULL,NULL,NULL,NULL,NULL
143,tp,Total Protein,Total protein amount (serum),g/dL,6.0 - 8.6,"blood,vip",NULL,NULL,NULL
118,sfa,Total Saturated Fatty Acids,,%,35.91 - 46.11,NULL,NULL,NULL,NULL
227,tcholhdlc,Total to HDL Ratio,Total Cholesterol to HDL Ratio,NULL,low <5;high>=5,"blood,vip","Not all cholesterol increases your risk of atherosclerosis and cardiovascular disease. HDL cholesterol, the healthier cholesterol, helps carry artery-clogging substances away from your blood vessels and back to your liver to get metabolized. The Total Cholesterol/HDL Cholesterol ratio assesses what portion of all of your cholesterol is healthy and unhealthy cholesterol. A higher ratio means more cholesterol is unhealthy artery-clogging LDL cholesterol, while a lower ratio means more is your good HDL cholesterol. By lowering your ratio, you can decrease your risk of cardiovascular disease.","Suggestions to improve the Total Cholesterol to HDL Cholesterol ratio

Increase intake of unsaturated fats, such as those found in fish, avocado, olive oil, and nuts
Increase activity, especially those which exercise different types of muscles
Avoid smoking
Video: Learn more about your cholesterol",NULL
645,tfi,Trans Fat Index,Trans Oleic and Trans Linoleic,%,< 1.00,NULL,NULL,NULL,NULL
132,tfa,Trans Fatty Acids (total),industry-made fatty acids,%,0.35 - 2.68,NULL,NULL,NULL,NULL
659,tf,Transferrin,Iron transport protein,mg/dL,188 - 340,NULL,NULL,NULL,NULL
165,trasat-perc,Transferrin Saturation % ,Percent of used Iron binding sites,%,15 - 50,NULL,NULL,NULL,NULL
133,tfa-tl,trans-Linoleic Acid,industrially made fatty acid,%,reference ranges have not been established,NULL,NULL,NULL,NULL
134,tfa-to,trans-Oleic Acid,trans-fatty acid,%,reference ranges have not been established,NULL,NULL,NULL,NULL
135,tfa-tp,trans-Palmitoleic Acid,ruminant-derived trans fat,%,reference ranges have not been established,NULL,NULL,NULL,NULL
633,trig-points,Triglyceride Points,0-15 Point Scale,points,>= 12,NULL,NULL,NULL,NULL
144,trig,Triglycerides,Type of Fat,mg/dL,low <150;medium 150-200;high >200,"blood,vip","Triglycerides are the main type of fat found in the blood. Excess food that you don't use right away is stored in the form of triglycerides. Too high a level of triglycerides can raise your risk for heart disease and stroke. While <150mg/dL is considered normal, many recommend a triglycerides goal of <100mg/dL. Since triglycerides contribute to atherosclerosis, it is important to have the proper balance of triglycerides with artery-clearing HDL cholesterol. The ideal ratio of Triglycerides to HDL cholesterol is less than 2:1, while a ratio greater than 6:1 is considered very high risk. By lowering your triglycerides and this ratio, you can decrease your risk of cardiovascular disease, such as a heart attack and stroke.","Suggestions to lower your Triglycerides

Reduce intake of processed simple carbohydrates such as sugar
Increase overall activity and exercise
Try to reduce excessive weight between increased activity and decreasing non-nutritious calories
Video: Learn more about your fats",NULL
487,thr,Triglycerides to HDL Ratio,Ratio of Triglycerides to HDL,NULL,low <2;medium 2-4.1;high>=4.1,"blood,vip","Excess triglycerides can be stored in blood vessels, contributing to atherosclerosis and cardiovascular disease. Higher amounts of HDL can carry these fatty deposits away from blood vessels and be protective. Therefore, the ratio of triglycerides to HDL can be a valuable measure to help predict cardiovascular risk.",NULL,NULL
126,t3,"Triiodothyronine (T3, total)",Total triiodothyronine (T3),ng/dL,80 - 180,NULL,NULL,NULL,NULL
145,tsh,TSH,Thyroid-Stimulating Hormone,mIU/L,high < 0.45; low 0.45-4.21; low > 4.21,"blood,vip",NULL,NULL,NULL
687,tuna-ige,Tuna IgE,Allergy antibody for tuna,kU/L,< 0.35,allergy,NULL,NULL,NULL
127,t3up,T-Uptake,Thyroxine Binding Sites,%,24 - 35,NULL,NULL,NULL,NULL
209,uibc,Unsaturated Iron-Binding Capacity,Iron transport protein not bound to Iron,?g/dL,150 - 375,NULL,NULL,NULL,NULL
146,uric-acid,Uric Acid,Purine Breakdown Product,mg/dL,3.7 - 8.6,NULL,NULL,NULL,NULL
543,urine-as,Urine Amorphous Sediment,Amorphous Sediment in the Urine,NULL,NULL,urine,NULL,NULL,NULL
515,urine-app,Urine Appearance,The appearance of urine,NULL,NULL,"urine,vip",NULL,NULL,NULL
547,urine-bac,Urine Bacteria,Bacteria in the Urine,/HPF,NULL,urine,NULL,NULL,NULL
517,urine-bili,Urine Bilirubin,The bilirubin in the urine,NULL,NULL,"urine,vip",NULL,NULL,NULL
555,urine-coc,Urine Calcium Oxalate Crystals,Calcium Oxalate Crystals in the Urine,NULL,NULL,urine,NULL,NULL,NULL
565,urine-casts,Urine Casts,Casts in the urine,NULL,NULL,urine,NULL,NULL,NULL
513,urine-col,Urine Color,The color of the urine,NULL,NULL,"urine,vip",NULL,NULL,NULL
549,urine-com,Urine Comments,Urine Comments,NULL,NULL,urine,NULL,NULL,NULL
597,urine-cr,Urine Creatinine,Creatinine secreted in urine,mg/dL,20.0 - 299.9,urine,NULL,NULL,NULL
553,urine-cry,Urine Crystals,Crystals in the Urine,NULL,NULL,urine,NULL,NULL,NULL
567,urine-glu,Urine Glucose,Sugar in the Urine,NULL,NULL,"urine,vip",NULL,NULL,NULL
563,urine-gc,Urine Granular Casts,Granular Casts in the urine,NULL,NULL,urine,NULL,NULL,NULL
561,urine-hc,Urine Hyaline Casts,Hyaline Casts in the urine,/LPF,NULL,urine,NULL,NULL,NULL
519,urine-ket,Urine Ketones,The ketones in the urine,NULL,NULL,"urine,vip",NULL,NULL,NULL
531,urine-le,Urine Leukocyte Esterase,Leukocyte Esterase in the urine,NULL,NULL,urine,NULL,NULL,NULL
529,urine-nit,Urine Nitrite,Nitrite in the urine,NULL,Negative,urine,NULL,NULL,NULL
551,urine-not,Urine Notes,Urine Notes,NULL,NULL,urine,NULL,NULL,NULL
523,urine-ob,Urine Occult Blood,The occult blood in urine,NULL,NULL,urine,NULL,NULL,NULL
525,urine-ph,Urine pH,The pH of the urine,NULL,4.5 - 7.9,"urine,vip",NULL,NULL,NULL
527,urine-pro,Urine Protein,Protein in the urine,NULL,NULL,"urine,vip",NULL,NULL,NULL
535,urine-rbc,Urine Red Blood Cells,Red Blood Cells in the Urine,/HPF,NULL,urine,NULL,NULL,NULL
569,urine-rs,Urine Reducing Substances,Reducing Substances in the urine,NULL,NULL,urine,NULL,NULL,NULL
541,urine-rec,Urine Renal Epithelial Cells,Renal Epithelial Cells in the Urine,NULL,NULL,urine,NULL,NULL,NULL
521,urine-sg,Urine Specific Gravity,The concentration of the urine,NULL,1.002 - 1.034,urine,NULL,NULL,NULL
537,urine-sec,Urine Squamous Epithelial Cells,Squamous epithelial cells in urine,/HPF,NULL,urine,NULL,NULL,NULL
539,urine-tec,Urine Transitional Epithelial Cells,Transitional Epithelial Cells in Urine,NULL,NULL,urine,NULL,NULL,NULL
557,urine-tpc,Urine Triple Phosphate Crystals,Triple Phosphate Crystals in the urine,NULL,NULL,urine,NULL,NULL,NULL
559,urine-uac,Urine Uric Acid Crystals,Uric Acid Crystals in the urine,NULL,NULL,urine,NULL,NULL,NULL
533,urine-wbc,Urine White Blood Cells,White Blood Cells in the Urine,/HPF,NULL,urine,NULL,NULL,NULL
545,urine-yeast,Urine Yeast,Yeast in the Urine,NULL,NULL,urine,NULL,NULL,NULL
365,very-small-ldl,Very Small LDL,Very Small Low-Density Lipoprotein,nmol/L,313 - 808,NULL,NULL,NULL,NULL
383,very-small-ldl-a,Very Small LDL-a,A subtype of Very Small LDL,nmol/L,50 - 146,NULL,NULL,NULL,NULL
385,very-small-ldl-b,Very Small LDL-b,A subtype of Very Small LDL,nmol/L,73 - 235,NULL,NULL,NULL,NULL
387,very-small-ldl-c,Very Small LDL-c,A subtype of Very Small LDL,nmol/L,82 - 219,NULL,NULL,NULL,NULL
389,very-small-ldl-d,Very Small LDL-d,A subtype of Very Small LDL,nmol/L,90 - 236,NULL,NULL,NULL,NULL
287,vita,Vitamin A,Essential Vitamin,?g/dL,38 - 97,NULL,NULL,NULL,NULL
147,vit-b12,Vitamin B12,Essential nutrient for cells,pg/mL,>= 300,NULL,NULL,NULL,NULL
639,b2,Vitamin B2,Riboflavin,nmol/L,6.2 - 38.9,NULL,NULL,NULL,NULL
641,b3,Vitamin B3,Niacin,ng/mL,20 - 29999,NULL,NULL,NULL,NULL
643,b5,Vitamin B5,Pantothenic Acid,ng/mL,< 275,NULL,NULL,NULL,NULL
441,vitb6,Vitamin B6,Vitamin B6,NULL,>= 0,NULL,NULL,NULL,NULL
439,vite,Vitamin E,Vitamin E,mg/L,5.7 - 17.7,NULL,NULL,NULL,NULL
149,vkorc1,VKORC1,Warfarin Resistance Enzyme,NULL,NULL,NULL,NULL,NULL,NULL
347,vldl-large-risk,VLDL Large Risk,,NULL,NULL,NULL,NULL,NULL,NULL
349,vldl-medium-risk,VLDL Medium Risk,,NULL,NULL,NULL,NULL,NULL,NULL
187,vldl-size,vLDL Size,The size of vLDL particles.,nm,< 46.6,NULL,NULL,NULL,NULL
351,vldl-small-risk,VLDL Small Risk,,NULL,NULL,NULL,NULL,NULL,NULL
159,vldl-c,vLDL-C,Precursor to LDL Cholesterol,mg/dL,5 - 41,"blood,vip",NULL,NULL,NULL
395,waist,Waist Circumference,The circumference of your waist,inches,< 40,NULL,NULL,NULL,NULL
449,whr,Waist to Height Ratio,The ratio of waist to height,NULL,< 0.50,NULL,NULL,NULL,NULL
689,walnut-ige,Walnut IgE,Allergy antibody for walnut,kU/L,< 0.35,allergy,NULL,NULL,NULL
261,weight,Weight,Your weight,pounds,>= 1,NULL,NULL,NULL,NULL
691,wheat-ige,Wheat IgE,Allergy antibody for wheat,kU/L,< 0.35,allergy,NULL,NULL,NULL
150,wbc,White Blood Cell Count,Immune system cells,x10E3/?L,3.8 - 10.7,"blood,vip",NULL,NULL,NULL
151,wbc-diff,White Blood Cell Differential,Percentage of each WBC type,NULL,NULL,NULL,NULL,NULL,NULL
142,to3fa-wb-e-d,Whole Blood EPA+ DHA+,fatty acids in whole blood,%,reference ranges have not been established,NULL,NULL,NULL,NULL
239,igf-1-z,Z score,IGF-1 compared to others,NULL,-3.9,NULL,NULL,NULL,NULL
152,zn,Zinc,Essential trace mineral,mcg/dL,60 - 129,NULL,NULL,NULL,NULL
